position_1,player_1,player_url_1,team_1,logo_1,points_1,ppg_1,position_2,player_2,player_url_2,team_2,logo_2,points_2,ppg_2,position_3,player_3,player_url_3,team_3,logo_3,points_3,ppg_3
C,Ben Rice,https://a.espncdn.com/combiner/i?img=/i/headshots/mlb/players/full/5016968.png&w=350&h=254,The West Bank Occupiers,https://upload.wikimedia.org/wikipedia/commons/thumb/d/d4/Flag_of_Israel.svg/2000px-Flag_of_Israel.svg.png,466.5,3.2395833333333335,C,William Contreras,https://a.espncdn.com/combiner/i?img=/i/headshots/mlb/players/full/39895.png&w=350&h=254,All That is Wright,https://mystique-api.fantasy.espn.com/apis/v1/domains/lm/images/14b70890-213c-11f1-925d-9707aef79b0b,397.5,2.880434782608696,C,Drake Baldwin,https://a.espncdn.com/combiner/i?img=/i/headshots/mlb/players/full/4810190.png&w=350&h=254,The Talmudic Tunnelers,https://64.media.tumblr.com/0a5cf45b1a3869db928255d8982d407f/bb2cb8147657a525-1f/s640x960/bfbb193017d6048f0e1528411316841adb2858a2.jpg,367,2.8671875
1B,Pete Alonso,https://a.espncdn.com/combiner/i?img=/i/headshots/mlb/players/full/37498.png&w=350&h=254,Top Gunner: Henderson,https://mystique-api.fantasy.espn.com/apis/v1/domains/lm/images/d33e4540-20e1-11f1-a3db-1b8e3b53005a,469,3.1059602649006623,1B,Rafael Devers,https://a.espncdn.com/combiner/i?img=/i/headshots/mlb/players/full/33859.png&w=350&h=254,Bibee-di-Bobbidi-Boo,https://mystique-api.fantasy.espn.com/apis/v1/domains/lm/images/c04a8c70-20d5-11f1-a3db-1b8e3b53005a,453,3.060810810810811,1B,Yandy Diaz,https://a.espncdn.com/combiner/i?img=/i/headshots/mlb/players/full/33481.png&w=350&h=254,Ketel Bells,https://g.espncdn.com/lm-static/flb/images/default_logos/15.svg,436.5,3.010344827586207
2B,Brice Turang,https://a.espncdn.com/combiner/i?img=/i/headshots/mlb/players/full/41179.png&w=350&h=254,The Traveling Secretaries,https://i.imgur.com/wll1Ubw.jpg,439,3.181159420289855,2B,Ketel Marte,https://a.espncdn.com/combiner/i?img=/i/headshots/mlb/players/full/32512.png&w=350&h=254,Book of Bob,https://g.espncdn.com/lm-static/logo-packs/flb/fake-team-logos-martin-laksman/logos--11.svg,383,2.9689922480620154,2B,Brandon Lowe,https://a.espncdn.com/combiner/i?img=/i/headshots/mlb/players/full/39961.png&w=350&h=254,Bibee-di-Bobbidi-Boo,https://mystique-api.fantasy.espn.com/apis/v1/domains/lm/images/c04a8c70-20d5-11f1-a3db-1b8e3b53005a,388.5,2.8152173913043477
3B,Junior Caminero,https://a.espncdn.com/combiner/i?img=/i/headshots/mlb/players/full/4905921.png&w=350&h=254,The West Bank Occupiers,https://upload.wikimedia.org/wikipedia/commons/thumb/d/d4/Flag_of_Israel.svg/2000px-Flag_of_Israel.svg.png,467,3.1554054054054053,3B,Sal Stewart,https://a.espncdn.com/combiner/i?img=/i/headshots/mlb/players/full/5080771.png&w=350&h=254,All That is Wright,https://mystique-api.fantasy.espn.com/apis/v1/domains/lm/images/14b70890-213c-11f1-925d-9707aef79b0b,449.5,2.9768211920529803,3B,Isaac Paredes,https://a.espncdn.com/combiner/i?img=/i/headshots/mlb/players/full/39706.png&w=350&h=254,The Novaks,https://i.imgur.com/DPLqmOq.jpg,384,2.742857142857143
SS,CJ Abrams,https://a.espncdn.com/combiner/i?img=/i/headshots/mlb/players/full/42402.png&w=350&h=254,The West Bank Occupiers,https://upload.wikimedia.org/wikipedia/commons/thumb/d/d4/Flag_of_Israel.svg/2000px-Flag_of_Israel.svg.png,435.5,3.066901408450704,SS,Kevin McGonigle,https://a.espncdn.com/combiner/i?img=/i/headshots/mlb/players/full/5149072.png&w=350&h=254,All That is Wright,https://mystique-api.fantasy.espn.com/apis/v1/domains/lm/images/14b70890-213c-11f1-925d-9707aef79b0b,434,2.9726027397260273,SS,Otto Lopez,https://a.espncdn.com/combiner/i?img=/i/headshots/mlb/players/full/41917.png&w=350&h=254,Ketel Bells,https://g.espncdn.com/lm-static/flb/images/default_logos/15.svg,356.5,2.7007575757575757
2B/SS,Elly De La Cruz,https://a.espncdn.com/combiner/i?img=/i/headshots/mlb/players/full/4917694.png&w=350&h=254,Mt. Everest Taquito Farmers,https://i.imgur.com/VW41hvO.gif,413.5,3.1564885496183206,2B/SS,Bobby Witt Jr.,https://a.espncdn.com/combiner/i?img=/i/headshots/mlb/players/full/42403.png&w=350&h=254,The Traveling Secretaries,https://i.imgur.com/wll1Ubw.jpg,406.5,3.0795454545454546,2B/SS,Luis Arraez,https://a.espncdn.com/combiner/i?img=/i/headshots/mlb/players/full/39572.png&w=350&h=254,The West Bank Occupiers,https://upload.wikimedia.org/wikipedia/commons/thumb/d/d4/Flag_of_Israel.svg/2000px-Flag_of_Israel.svg.png,381,2.702127659574468
1B/3B,Miguel Vargas,https://a.espncdn.com/combiner/i?img=/i/headshots/mlb/players/full/42453.png&w=350&h=254,Mt. Everest Taquito Farmers,https://i.imgur.com/VW41hvO.gif,457.5,3.1551724137931036,1B/3B,Matt Olson,https://a.espncdn.com/combiner/i?img=/i/headshots/mlb/players/full/32767.png&w=350&h=254,The Talmudic Tunnelers,https://64.media.tumblr.com/0a5cf45b1a3869db928255d8982d407f/bb2cb8147657a525-1f/s640x960/bfbb193017d6048f0e1528411316841adb2858a2.jpg,449,2.9539473684210527,1B/3B,Willson Contreras,https://a.espncdn.com/combiner/i?img=/i/headshots/mlb/players/full/32532.png&w=350&h=254,Blasphemous Hot Takes,https://i.imgur.com/8kDpq7D.png,364.5,2.892857142857143
OF,Pete Crow-Armstrong,https://a.espncdn.com/combiner/i?img=/i/headshots/mlb/players/full/4717833.png&w=350&h=254,Mt. Everest Taquito Farmers,https://i.imgur.com/VW41hvO.gif,584,3.8421052631578947,OF,Alec Burleson,https://a.espncdn.com/combiner/i?img=/i/headshots/mlb/players/full/4345070.png&w=350&h=254,Ketel Bells,https://g.espncdn.com/lm-static/flb/images/default_logos/15.svg,451,3.0268456375838926,OF,Corbin Carroll,https://a.espncdn.com/combiner/i?img=/i/headshots/mlb/players/full/42404.png&w=350&h=254,Tucker? I hardly know her,https://mystique-api.fantasy.espn.com/apis/v1/domains/lm/images/e68dff90-20d3-11f1-8e1d-8fda8893658d,429.5,2.941780821917808
OF,Yordan Alvarez,https://a.espncdn.com/combiner/i?img=/i/headshots/mlb/players/full/36018.png&w=350&h=254,The Novaks,https://i.imgur.com/DPLqmOq.jpg,568.5,3.86734693877551,OF,Randy Arozarena,https://a.espncdn.com/combiner/i?img=/i/headshots/mlb/players/full/36488.png&w=350&h=254,Bibee-di-Bobbidi-Boo,https://mystique-api.fantasy.espn.com/apis/v1/domains/lm/images/c04a8c70-20d5-11f1-a3db-1b8e3b53005a,440,3.0555555555555554,OF,Juan Soto,https://a.espncdn.com/combiner/i?img=/i/headshots/mlb/players/full/36969.png&w=350&h=254,All That is Wright,https://mystique-api.fantasy.espn.com/apis/v1/domains/lm/images/14b70890-213c-11f1-925d-9707aef79b0b,351,3.5454545454545454
OF,James Wood,https://a.espncdn.com/combiner/i?img=/i/headshots/mlb/players/full/4918256.png&w=350&h=254,Mt. Everest Taquito Farmers,https://i.imgur.com/VW41hvO.gif,438,3.8421052631578947,OF,Seiya Suzuki,https://a.espncdn.com/combiner/i?img=/i/headshots/mlb/players/full/4142424.png&w=350&h=254,All That is Wright,https://mystique-api.fantasy.espn.com/apis/v1/domains/lm/images/14b70890-213c-11f1-925d-9707aef79b0b,415,3.2170542635658914,OF,Bryan Reynolds,https://a.espncdn.com/combiner/i?img=/i/headshots/mlb/players/full/38980.png&w=350&h=254,Book of Bob,https://g.espncdn.com/lm-static/logo-packs/flb/fake-team-logos-martin-laksman/logos--11.svg,427.5,2.8311258278145695
OF,Bryce Harper,https://a.espncdn.com/combiner/i?img=/i/headshots/mlb/players/full/30951.png&w=350&h=254,The Novaks,https://i.imgur.com/DPLqmOq.jpg,463.5,3.0695364238410594,OF,Jordan Walker,https://a.espncdn.com/combiner/i?img=/i/headshots/mlb/players/full/4684778.png&w=350&h=254,The Novaks,https://i.imgur.com/DPLqmOq.jpg,434.5,3.0384615384615383,OF,Jake Bauers,https://a.espncdn.com/combiner/i?img=/i/headshots/mlb/players/full/35013.png&w=350&h=254,The Traveling Secretaries,https://i.imgur.com/wll1Ubw.jpg,394,3.0307692307692307
OF,Fernando Tatis Jr.,https://a.espncdn.com/combiner/i?img=/i/headshots/mlb/players/full/35983.png&w=350&h=254,Bibee-di-Bobbidi-Boo,https://mystique-api.fantasy.espn.com/apis/v1/domains/lm/images/c04a8c70-20d5-11f1-a3db-1b8e3b53005a,451.5,3.030201342281879,OF,Jackson Chourio,https://a.espncdn.com/combiner/i?img=/i/headshots/mlb/players/full/4917869.png&w=350&h=254,The Traveling Secretaries,https://i.imgur.com/wll1Ubw.jpg,387,3.336206896551724,OF,Wilyer Abreu,https://a.espncdn.com/combiner/i?img=/i/headshots/mlb/players/full/4990055.png&w=350&h=254,Blasphemous Hot Takes,https://i.imgur.com/8kDpq7D.png,404.5,2.8286713286713288
UTIL,Kyle Schwarber,https://a.espncdn.com/combiner/i?img=/i/headshots/mlb/players/full/33712.png&w=350&h=254,Blasphemous Hot Takes,https://i.imgur.com/8kDpq7D.png,464,3.2,UTIL,Alex Bregman,https://a.espncdn.com/combiner/i?img=/i/headshots/mlb/players/full/34886.png&w=350&h=254,The Talmudic Tunnelers,https://64.media.tumblr.com/0a5cf45b1a3869db928255d8982d407f/bb2cb8147657a525-1f/s640x960/bfbb193017d6048f0e1528411316841adb2858a2.jpg,442,2.966442953020134,UTIL,Jackson Merrill,https://a.espncdn.com/combiner/i?img=/i/headshots/mlb/players/full/4872691.png&w=350&h=254,The Novaks,https://i.imgur.com/DPLqmOq.jpg,407.5,2.772108843537415
SP,Jacob Misiorowski,https://a.espncdn.com/combiner/i?img=/i/headshots/mlb/players/full/5080761.png&w=350&h=254,Mt. Everest Taquito Farmers,https://i.imgur.com/VW41hvO.gif,614,23.615384615384617,SP,Cristopher Sanchez,https://a.espncdn.com/combiner/i?img=/i/headshots/mlb/players/full/42359.png&w=350&h=254,The Traveling Secretaries,https://i.imgur.com/wll1Ubw.jpg,563,18.161290322580644,SP,Zack Wheeler,https://a.espncdn.com/combiner/i?img=/i/headshots/mlb/players/full/31267.png&w=350&h=254,Ketel Bells,https://g.espncdn.com/lm-static/flb/images/default_logos/15.svg,444.5,17.78
SP,Cam Schlittler,https://a.espncdn.com/combiner/i?img=/i/headshots/mlb/players/full/5134581.png&w=350&h=254,The West Bank Occupiers,https://upload.wikimedia.org/wikipedia/commons/thumb/d/d4/Flag_of_Israel.svg/2000px-Flag_of_Israel.svg.png,649,20.93548387096774,SP,Tarik Skubal,https://a.espncdn.com/combiner/i?img=/i/headshots/mlb/players/full/42409.png&w=350&h=254,All That is Wright,https://mystique-api.fantasy.espn.com/apis/v1/domains/lm/images/14b70890-213c-11f1-925d-9707aef79b0b,470.5,19.604166666666668,SP,Drew Rasmussen,https://a.espncdn.com/combiner/i?img=/i/headshots/mlb/players/full/42584.png&w=350&h=254,The Traveling Secretaries,https://i.imgur.com/wll1Ubw.jpg,459.5,17.01851851851852
SP,Yoshinobu Yamamoto,https://a.espncdn.com/combiner/i?img=/i/headshots/mlb/players/full/4872587.png&w=350&h=254,Bibee-di-Bobbidi-Boo,https://mystique-api.fantasy.espn.com/apis/v1/domains/lm/images/c04a8c70-20d5-11f1-a3db-1b8e3b53005a,588.5,21.796296296296298,SP,Gavin Williams,https://a.espncdn.com/combiner/i?img=/i/headshots/mlb/players/full/4345076.png&w=350&h=254,The Novaks,https://i.imgur.com/DPLqmOq.jpg,498.5,16.616666666666667,SP,Michael King,https://a.espncdn.com/combiner/i?img=/i/headshots/mlb/players/full/40429.png&w=350&h=254,Top Gunner: Henderson,https://mystique-api.fantasy.espn.com/apis/v1/domains/lm/images/d33e4540-20e1-11f1-a3db-1b8e3b53005a,460,15.862068965517242
SP,Dylan Cease,https://a.espncdn.com/combiner/i?img=/i/headshots/mlb/players/full/34943.png&w=350&h=254,The Talmudic Tunnelers,https://64.media.tumblr.com/0a5cf45b1a3869db928255d8982d407f/bb2cb8147657a525-1f/s640x960/bfbb193017d6048f0e1528411316841adb2858a2.jpg,558,20.666666666666668,SP,Parker Messick,https://a.espncdn.com/combiner/i?img=/i/headshots/mlb/players/full/4619898.png&w=350&h=254,The West Bank Occupiers,https://upload.wikimedia.org/wikipedia/commons/thumb/d/d4/Flag_of_Israel.svg/2000px-Flag_of_Israel.svg.png,482,17.214285714285715,SP,Chase Burns,https://a.espncdn.com/combiner/i?img=/i/headshots/mlb/players/full/4927516.png&w=350&h=254,The Talmudic Tunnelers,https://64.media.tumblr.com/0a5cf45b1a3869db928255d8982d407f/bb2cb8147657a525-1f/s640x960/bfbb193017d6048f0e1528411316841adb2858a2.jpg,448,16
SP,Chris Sale,https://a.espncdn.com/combiner/i?img=/i/headshots/mlb/players/full/30948.png&w=350&h=254,Ketel Bells,https://g.espncdn.com/lm-static/flb/images/default_logos/15.svg,542.5,20.865384615384617,SP,Nolan McLean,https://a.espncdn.com/combiner/i?img=/i/headshots/mlb/players/full/4433874.png&w=350&h=254,All That is Wright,https://mystique-api.fantasy.espn.com/apis/v1/domains/lm/images/14b70890-213c-11f1-925d-9707aef79b0b,485.5,16.74137931034483,SP,Sandy Alcantara,https://a.espncdn.com/combiner/i?img=/i/headshots/mlb/players/full/35241.png&w=350&h=254,Top Gunner: Henderson,https://mystique-api.fantasy.espn.com/apis/v1/domains/lm/images/d33e4540-20e1-11f1-a3db-1b8e3b53005a,472,14.75
SP,Jesus Luzardo,https://a.espncdn.com/combiner/i?img=/i/headshots/mlb/players/full/39667.png&w=350&h=254,Book of Bob,https://g.espncdn.com/lm-static/logo-packs/flb/fake-team-logos-martin-laksman/logos--11.svg,561.5,19.362068965517242,SP,Michael Wacha,https://a.espncdn.com/combiner/i?img=/i/headshots/mlb/players/full/32640.png&w=350&h=254,Bibee-di-Bobbidi-Boo,https://mystique-api.fantasy.espn.com/apis/v1/domains/lm/images/c04a8c70-20d5-11f1-a3db-1b8e3b53005a,480.5,16.56896551724138,SP,Sonny Gray,https://a.espncdn.com/combiner/i?img=/i/headshots/mlb/players/full/32082.png&w=350&h=254,The Talmudic Tunnelers,https://64.media.tumblr.com/0a5cf45b1a3869db928255d8982d407f/bb2cb8147657a525-1f/s640x960/bfbb193017d6048f0e1528411316841adb2858a2.jpg,439,16.25925925925926
RP,Mason Miller,https://a.espncdn.com/combiner/i?img=/i/headshots/mlb/players/full/4730225.png&w=350&h=254,The Traveling Secretaries,https://i.imgur.com/wll1Ubw.jpg,356,5.836065573770492,RP,Jacob Latz,https://a.espncdn.com/combiner/i?img=/i/headshots/mlb/players/full/3210625.png&w=350&h=254,All That is Wright,https://mystique-api.fantasy.espn.com/apis/v1/domains/lm/images/14b70890-213c-11f1-925d-9707aef79b0b,231,5.634146341463414,RP,Josh Hader,https://a.espncdn.com/combiner/i?img=/i/headshots/mlb/players/full/32760.png&w=350&h=254,The West Bank Occupiers,https://upload.wikimedia.org/wikipedia/commons/thumb/d/d4/Flag_of_Israel.svg/2000px-Flag_of_Israel.svg.png,229,5.325581395348837
RP,Cade Smith,https://a.espncdn.com/combiner/i?img=/i/headshots/mlb/players/full/4987924.png&w=350&h=254,The Traveling Secretaries,https://i.imgur.com/wll1Ubw.jpg,302,4.7936507936507935,RP,David Bednar,https://a.espncdn.com/combiner/i?img=/i/headshots/mlb/players/full/38303.png&w=350&h=254,Book of Bob,https://g.espncdn.com/lm-static/logo-packs/flb/fake-team-logos-martin-laksman/logos--11.svg,264,4.4,RP,Bryan Baker,https://a.espncdn.com/combiner/i?img=/i/headshots/mlb/players/full/40884.png&w=350&h=254,The Talmudic Tunnelers,https://64.media.tumblr.com/0a5cf45b1a3869db928255d8982d407f/bb2cb8147657a525-1f/s640x960/bfbb193017d6048f0e1528411316841adb2858a2.jpg,240.5,4.81
RP,Louis Varland,https://a.espncdn.com/combiner/i?img=/i/headshots/mlb/players/full/4917888.png&w=350&h=254,Blasphemous Hot Takes,https://i.imgur.com/8kDpq7D.png,293,4.966101694915254,RP,Aroldis Chapman,https://a.espncdn.com/combiner/i?img=/i/headshots/mlb/players/full/30442.png&w=350&h=254,The Talmudic Tunnelers,https://64.media.tumblr.com/0a5cf45b1a3869db928255d8982d407f/bb2cb8147657a525-1f/s640x960/bfbb193017d6048f0e1528411316841adb2858a2.jpg,247.5,4.759615384615385,RP,Jhoan Duran,https://a.espncdn.com/combiner/i?img=/i/headshots/mlb/players/full/41109.png&w=350&h=254,Top Gunner: Henderson,https://mystique-api.fantasy.espn.com/apis/v1/domains/lm/images/d33e4540-20e1-11f1-a3db-1b8e3b53005a,247,4.410714285714286
