team_id,qs,k,k_sp,k_rp,bb,bb_sp,bb_rp,outs,outs_sp,outs_rp,earned_runs,earned_runs_sp,earned_runs_rp,hr_allowed_sp,hr_allowed_rp,hr_allowed,hpb,hpb_sp,hpb_rp,blue_balls,langes,bednars,era,era_sp,era_rp,k9,k9_sp,k9_rp,bb9,bb9_sp,bb9_rp,k_per_bb,k_per_bb_sp,k_per_bb_rp,hr9,hr9_sp,hr9_rp,fip,fip_sp,fip_rp,fip_constant
1,77,1239,1059,180,469,390,79,3557,3080,477,463,416,47,131,14,145,33,30,3,7,5,2,3.5144784931121733,3.6467532467532466,2.660377358490566,9.404835535563677,9.283441558441558,10.18867924528302,3.560022490863087,3.4188311688311686,4.471698113207547,2.6417910447761193,2.7153846153846155,2.278481012658228,1.1006466123137475,1.1483766233766235,0.7924528301886793,3.881799069554066,3.93482009266927,3.5394411005921644,3.1117681446173218
2,77,1189,1008,181,406,335,71,3630,3163,467,536,455,81,118,20,138,55,43,12,11,16,4,3.9867768595041326,3.8839709136895357,4.683083511777302,8.843801652892562,8.604489408789124,10.464668094218416,3.0198347107438015,2.859626936452735,4.104925053533191,2.9285714285714284,3.008955223880597,2.5492957746478875,1.0264462809917354,1.0072715776161871,1.1563169164882225,3.7720987231297185,3.7301683975417608,4.056093626416037,3.1117681446173218
4,93,1367,1145,222,454,371,83,3949,3364,585,518,447,71,144,27,171,58,55,3,9,8,1,3.5416561154722714,3.58769322235434,3.276923076923077,9.346416814383389,9.189952437574316,10.246153846153845,3.1040769815143077,2.977705112960761,3.8307692307692305,3.011013215859031,3.0862533692722374,2.674698795180723,1.1691567485439351,1.1557669441141498,1.2461538461538462,3.8904462909834905,3.8787122587671434,3.957921990771168,3.1117681446173218
5,77,1330,1052,278,401,335,66,3703,3126,577,523,479,44,136,14,150,51,43,8,8,3,0,3.8133945449635434,4.137236084452975,2.0589254766031195,9.697542533081284,9.08637236084453,13.008665511265164,2.9238455306508238,2.8934740882917467,3.0883882149046795,3.316708229426434,3.1402985074626866,4.212121212121212,1.0937078044828519,1.1746641074856046,0.6551126516464472,3.635127582910598,3.877603077438819,2.321473517234306,3.1117681446173218
6,79,1386,1177,209,435,365,70,3760,3238,522,558,483,75,152,18,170,49,46,3,10,15,2,4.006914893617021,4.027486102532427,3.879310344827586,9.952659574468084,9.814391599752934,10.810344827586206,3.1236702127659575,3.04354539839407,3.6206896551724137,3.1862068965517243,3.2246575342465755,2.9857142857142858,1.2207446808510638,1.2674490426189007,0.9310344827586207,3.8218745275960453,3.9039237962541344,3.3129175699046782,3.1117681446173218
7,100,1195,981,214,431,337,94,3910,3311,599,548,465,83,138,20,158,61,50,11,7,9,3,3.784143222506394,3.7919057686499547,3.7412353923205344,8.251918158567774,7.999697976442162,9.646076794657763,2.976214833759591,2.7481123527635156,4.237061769616027,2.7726218097447797,2.9109792284866467,2.276595744680851,1.0910485933503835,1.1253397765025672,0.9015025041736227,3.986448451522693,4.011496323415268,3.847995189692447,3.1117681446173218
8,77,1211,1057,154,426,352,74,3551,3094,457,535,448,87,131,21,152,67,58,9,9,13,5,4.067868206139115,3.9095022624434392,5.140043763676149,9.207828780625176,9.22398190045249,9.098468271334793,3.2390875809631092,3.0717517776341303,4.37199124726477,2.8427230046948355,3.002840909090909,2.081081081081081,1.1557307800619543,1.1431803490627022,1.2407002188183807,3.984480056754748,3.9058857916761456,4.516582148993689,3.1117681446173218
9,90,1335,1119,216,405,327,78,3776,3231,545,509,443,66,138,12,150,50,46,4,12,6,1,3.639565677966101,3.701949860724234,3.269724770642202,9.545815677966102,9.350974930362117,10.70091743119266,2.895921610169492,2.732590529247911,3.8642201834862386,3.2962962962962963,3.4220183486238533,2.769230769230769,1.072563559322034,1.1532033426183845,0.5944954128440367,3.6242151785156267,3.7385090916925305,2.946630529938423,3.1117681446173218
11,87,1169,1022,147,348,293,55,3703,3266,437,478,426,52,121,10,131,32,21,11,19,9,2,3.4852822036186875,3.5217391304347827,3.212814645308925,8.523629489603024,8.448867115737904,9.082379862700229,2.537402106400216,2.4222290263319044,3.3981693363844396,3.3591954022988504,3.4880546075085324,2.672727272727273,0.9551714825816904,1.0003061849357011,0.6178489702517163,3.520895878886833,3.544407458763066,3.3451777556013034,3.1117681446173218
12,80,1186,918,268,441,331,110,3693,2995,698,591,489,102,129,28,157,54,42,12,7,12,4,4.320877335499594,4.408347245409015,3.9455587392550147,8.670999187652315,8.275792988313857,10.36676217765043,3.2242079610073113,2.983973288814691,4.255014326647564,2.689342403628118,2.773413897280967,2.4363636363636365,1.1478472786352558,1.1629382303839733,1.0830945558739256,4.049217372887021,4.073370815735853,3.9455790328694706,3.1117681446173218
13,81,1257,1092,165,396,307,89,3457,3038,419,505,444,61,146,20,166,42,34,8,10,7,1,3.944171246745733,3.946017116524029,3.9307875894988067,9.817471796355221,9.705069124423963,10.632458233890215,3.09285507665606,2.728439763001975,5.73508353221957,3.1742424242424243,3.55700325732899,1.853932584269663,1.2964998553659242,1.2975641869651087,1.2887828162291168,3.9431248122482154,3.839549579772029,4.694107046765293,3.1117681446173218
14,81,1115,895,220,428,376,52,3787,3224,563,549,498,51,117,14,131,73,63,10,10,6,2,3.914180089780829,4.1705955334987586,2.4458259325044405,7.949564298917349,7.495347394540943,10.550621669626999,3.0514919461315024,3.1488833746898264,2.4937833037300177,2.6051401869158877,2.38031914893617,4.230769230769231,0.9339846844467916,0.9798387096774194,0.6714031971580817,3.884939520376498,4.086954248835684,2.7281091748127038,3.1117681446173218
